{
  "checkpoints": [
    {
      "path": "E:\\Projects\\Fussball_ai\\models\\v8_seed0.pt",
      "val_loss": 0.6466886003812155,
      "val_acc": 0.6017988552739166
    },
    {
      "path": "E:\\Projects\\Fussball_ai\\models\\v8_seed1.pt",
      "val_loss": 0.6314724783102671,
      "val_acc": 0.6054783319705642
    },
    {
      "path": "E:\\Projects\\Fussball_ai\\models\\v8_seed2.pt",
      "val_loss": 0.6354613403479258,
      "val_acc": 0.6087489779231399
    }
  ],
  "norm_mean": [
    0.29423701763153076,
    30.00473403930664,
    1570.85498046875,
    1552.717529296875,
    74.594970703125,
    1623.31640625,
    1597.6173095703125,
    82.16104125976562,
    1594.9305419921875,
    1573.0728759765625,
    78.31802368164062,
    1.3973214626312256,
    1.3727002143859863,
    1.4014475345611572,
    1.3671536445617676,
    1.403650164604187,
    1.3624165058135986,
    1.4064760208129883,
    1.3515983819961548,
    1.4064760208129883,
    1.3515983819961548,
    1.382398009300232,
    1.3333295583724976,
    1.3381980657577515,
    1.391886830329895,
    0.04419930279254913,
    -0.05855629965662956,
    0.4191550612449646,
    0.3747534453868866,
    41.82115936279297,
    44.699947357177734,
    -0.07778679579496384,
    -0.18641774356365204,
    2.28774356842041,
    0.802489161491394,
    0.7075216174125671,
    1564.89501953125,
    1559.3680419921875,
    1.4064760208129883,
    1.3515983819961548,
    -0.0028241805266588926,
    0.010819264687597752,
    0.005742183420807123,
    0.005068575963377953,
    0.013804334215819836,
    0.011908061802387238,
    0.5665144324302673,
    0.5650239586830139,
    70.72921752929688,
    70.29158782958984,
    68.17403411865234,
    67.78585052490234,
    66.67459869384766,
    65.90933990478516,
    0.4377274811267853,
    26.507478713989258,
    26.466766357421875
  ],
  "norm_std": [
    0.45568180084228516,
    10.750143051147461,
    204.91636657714844,
    200.3779754638672,
    207.20835876464844,
    305.8236999511719,
    303.85272216796875,
    295.81884765625,
    251.91802978515625,
    248.65663146972656,
    245.72569274902344,
    1.337192177772522,
    1.3252571821212769,
    0.9991416931152344,
    0.9947998523712158,
    0.857191801071167,
    0.8480715155601501,
    0.5896642804145813,
    0.5778852701187134,
    0.5896642804145813,
    0.5778852701187134,
    0.6646095514297485,
    0.6669250130653381,
    0.7769494652748108,
    0.8164718747138977,
    1.188799262046814,
    1.2220523357391357,
    0.3020971417427063,
    0.2976924479007721,
    68.35233306884766,
    73.78500366210938,
    2.581535816192627,
    2.649090528488159,
    3.7119126319885254,
    1.3596299886703491,
    1.2838648557662964,
    127.5566635131836,
    127.95769500732422,
    0.5896642804145813,
    0.5778852701187134,
    0.618410587310791,
    0.6211127042770386,
    0.02474134787917137,
    0.023271523416042328,
    0.04381450638175011,
    0.04135756939649582,
    0.11865204572677612,
    0.12135692685842514,
    6.7074079513549805,
    6.402625560760498,
    12.416543960571289,
    11.758408546447754,
    14.940572738647461,
    14.966876983642578,
    7.876427173614502,
    2.5638396739959717,
    2.4754691123962402
  ],
  "col_medians": [
    0.0,
    20.0,
    1571.328125,
    1555.0955810546875,
    75.24066162109375,
    1619.0927734375,
    1597.662109375,
    81.64007568359375,
    1592.2652587890625,
    1572.82080078125,
    79.0165023803711,
    1.0,
    1.0,
    1.5,
    1.5,
    1.3333333730697632,
    1.3333333730697632,
    1.399999976158142,
    1.316666603088379,
    1.399999976158142,
    1.316666603088379,
    1.2999999523162842,
    1.2000000476837158,
    1.2000000476837158,
    1.2000000476837158,
    0.10000000149011612,
    0.0,
    0.4285714328289032,
    0.4000000059604645,
    6.0,
    6.0,
    0.0,
    0.0,
    1.0,
    0.0,
    0.0,
    1559.4071044921875,
    1551.90869140625,
    1.399999976158142,
    1.316666603088379,
    0.0,
    0.0,
    0.0,
    0.0,
    0.0,
    0.0,
    0.5719739198684692,
    0.5555555820465088,
    71.77350616455078,
    70.80000305175781,
    72.66666412353516,
    71.83333587646484,
    72.25,
    71.5,
    0.0,
    27.0,
    27.0
  ],
  "dc_rho": -0.009674857829844204,
  "cfg": {
    "static_dim": 57,
    "seq_len": 10,
    "seq_dim": 7,
    "n_players": 15,
    "player_dim": 3,
    "context_dim": 2,
    "tower_hidden": 192,
    "seq_proj": 128,
    "squad_proj": 64,
    "n_seq_heads": 4,
    "n_seq_layers": 2,
    "n_squad_heads": 4,
    "n_cross_heads": 4,
    "head_hidden": 256,
    "dropout": 0.2
  },
  "model_version": "v8-e8net"
}