{
  "source": "the-odds-api.com",
  "fetched": "2026-06-13",
  "blend_weight": 0.45,
  "matches": {
    "Qatar|Switzerland": {
      "home": 0.06638528892482755,
      "draw": 0.16409073956981055,
      "away": 0.769523971505362
    },
    "Brazil|Morocco": {
      "home": 0.5500816634437568,
      "draw": 0.27887371920683734,
      "away": 0.17104461734940585
    },
    "Haiti|Scotland": {
      "home": 0.15722621360433744,
      "draw": 0.23716713919430066,
      "away": 0.6056066472013618
    },
    "Australia|Turkey": {
      "home": 0.17961088590638213,
      "draw": 0.27437148626392904,
      "away": 0.5460176278296888
    },
    "Germany|Curaçao": {
      "home": 0.9228646342191786,
      "draw": 0.05449972462954919,
      "away": 0.022635641151272153
    },
    "Netherlands|Japan": {
      "home": 0.4792819707741989,
      "draw": 0.2666682895313334,
      "away": 0.2540497396944676
    },
    "Ivory Coast|Ecuador": {
      "home": 0.2631838867972178,
      "draw": 0.33659508390304965,
      "away": 0.4002210292997324
    },
    "Sweden|Tunisia": {
      "home": 0.505611756542564,
      "draw": 0.27624703004499385,
      "away": 0.21814121341244222
    },
    "Spain|Cape Verde": {
      "home": 0.8795315631059941,
      "draw": 0.08327965852584224,
      "away": 0.03718877836816367
    },
    "Belgium|Egypt": {
      "home": 0.5888308796139324,
      "draw": 0.24128237297585742,
      "away": 0.16988674741021
    },
    "Saudi Arabia|Uruguay": {
      "home": 0.11832898702560936,
      "draw": 0.2144441866742592,
      "away": 0.6672268263001314
    },
    "Iran|New Zealand": {
      "home": 0.5224479650784343,
      "draw": 0.2742276734969506,
      "away": 0.20332436142461516
    },
    "France|Senegal": {
      "home": 0.6517604551983242,
      "draw": 0.2165844438570958,
      "away": 0.1316551009445801
    },
    "Iraq|Norway": {
      "home": 0.06560431744478892,
      "draw": 0.13404434777701008,
      "away": 0.800351334778201
    },
    "Argentina|Algeria": {
      "home": 0.6857388845301937,
      "draw": 0.20707257804676096,
      "away": 0.10718853742304528
    },
    "Austria|Jordan": {
      "home": 0.7199023153762882,
      "draw": 0.17485521278907207,
      "away": 0.10524247183463978
    },
    "Portugal|DR Congo": {
      "home": 0.7432811541708003,
      "draw": 0.16878709424373095,
      "away": 0.08793175158546873
    },
    "England|Croatia": {
      "home": 0.5571537191229932,
      "draw": 0.25144818474621794,
      "away": 0.19139809613078895
    },
    "Ghana|Panama": {
      "home": 0.44133602537499395,
      "draw": 0.2814113873412867,
      "away": 0.2772525872837193
    },
    "Uzbekistan|Colombia": {
      "home": 0.10870876320734411,
      "draw": 0.20389628709879404,
      "away": 0.6873949496938618
    },
    "Czech Republic|South Africa": {
      "home": 0.5394863577205198,
      "draw": 0.2524427116660836,
      "away": 0.2080709306133966
    },
    "Switzerland|Bosnia and Herzegovina": {
      "home": 0.6009002851514976,
      "draw": 0.23557619444526848,
      "away": 0.1635235204032339
    },
    "Canada|Qatar": {
      "home": 0.7300510775331813,
      "draw": 0.17999517375948992,
      "away": 0.08995374870732877
    },
    "Mexico|South Korea": {
      "home": 0.48162976095138205,
      "draw": 0.28573917469175936,
      "away": 0.23263106435685874
    },
    "United States|Australia": {
      "home": 0.603199646982778,
      "draw": 0.2259810979942023,
      "away": 0.17081925502301978
    },
    "Scotland|Morocco": {
      "home": 0.22982643812388545,
      "draw": 0.28885811354518287,
      "away": 0.4813154483309316
    },
    "Brazil|Haiti": {
      "home": 0.8879591979717303,
      "draw": 0.07875850623711432,
      "away": 0.03328229579115542
    },
    "Turkey|Paraguay": {
      "home": 0.466454222755439,
      "draw": 0.2913669660369006,
      "away": 0.24217881120766038
    },
    "Netherlands|Sweden": {
      "home": 0.5830014636626253,
      "draw": 0.23597418458780134,
      "away": 0.18102435174957338
    },
    "Germany|Ivory Coast": {
      "home": 0.6137794518348907,
      "draw": 0.21945656793606566,
      "away": 0.16676398022904365
    },
    "Ecuador|Curaçao": {
      "home": 0.7919412888320925,
      "draw": 0.14093077047913158,
      "away": 0.0671279406887759
    },
    "Tunisia|Japan": {
      "home": 0.17707232843849943,
      "draw": 0.2637116277513325,
      "away": 0.5592160438101681
    },
    "Spain|Saudi Arabia": {
      "home": 0.8602855288136865,
      "draw": 0.09958031239641571,
      "away": 0.04013415878989791
    },
    "Belgium|Iran": {
      "home": 0.6768309455853101,
      "draw": 0.20253020108607242,
      "away": 0.12063885332861762
    },
    "Uruguay|Cape Verde": {
      "home": 0.6570595426007314,
      "draw": 0.21307279213421498,
      "away": 0.12986766526505358
    },
    "New Zealand|Egypt": {
      "home": 0.19723358982059155,
      "draw": 0.2566277381249155,
      "away": 0.546138672054493
    },
    "Argentina|Austria": {
      "home": 0.5821055049848511,
      "draw": 0.24537145911099992,
      "away": 0.17252303590414894
    },
    "France|Iraq": {
      "home": 0.8521267113957618,
      "draw": 0.10808017868599837,
      "away": 0.039793109918239866
    },
    "Norway|Senegal": {
      "home": 0.44451223148127905,
      "draw": 0.27409501056652297,
      "away": 0.2813927579521979
    },
    "Jordan|Algeria": {
      "home": 0.14496277980274075,
      "draw": 0.22470782204162687,
      "away": 0.6303293981556324
    },
    "Portugal|Uzbekistan": {
      "home": 0.7627913462797923,
      "draw": 0.1534656546733917,
      "away": 0.08374299904681601
    },
    "England|Ghana": {
      "home": 0.7180764724789578,
      "draw": 0.1806704484166083,
      "away": 0.10125307910443403
    },
    "Panama|Croatia": {
      "home": 0.14649784233515392,
      "draw": 0.24270841655384046,
      "away": 0.6107937411110056
    },
    "Colombia|DR Congo": {
      "home": 0.6444695180742306,
      "draw": 0.2263758022614689,
      "away": 0.12915467966430041
    },
    "Bosnia and Herzegovina|Qatar": {
      "home": 0.5817454094800655,
      "draw": 0.2506119603338322,
      "away": 0.16764263018610215
    },
    "Switzerland|Canada": {
      "home": 0.44620070072345797,
      "draw": 0.2835816184424236,
      "away": 0.27021768083411846
    },
    "Scotland|Brazil": {
      "home": 0.14262124573696025,
      "draw": 0.20690982266371327,
      "away": 0.6504689315993265
    },
    "Morocco|Haiti": {
      "home": 0.705303820286702,
      "draw": 0.1893600962283527,
      "away": 0.10533608348494528
    },
    "Czech Republic|Mexico": {
      "home": 0.21019703921938113,
      "draw": 0.27021830007097447,
      "away": 0.5195846607096445
    },
    "South Africa|South Korea": {
      "home": 0.169933732220627,
      "draw": 0.24220313521081444,
      "away": 0.5878631325685585
    },
    "Curaçao|Ivory Coast": {
      "home": 0.07472814877201299,
      "draw": 0.1553168590058579,
      "away": 0.769954992222129
    },
    "Ecuador|Germany": {
      "home": 0.2028898574756112,
      "draw": 0.25274661384069114,
      "away": 0.5443635286836976
    },
    "Japan|Sweden": {
      "home": 0.45133666818354046,
      "draw": 0.27947864915672904,
      "away": 0.2691846826597304
    },
    "Tunisia|Netherlands": {
      "home": 0.150095462674023,
      "draw": 0.22273719061794545,
      "away": 0.6271673467080315
    },
    "Paraguay|Australia": {
      "home": 0.44275373251406697,
      "draw": 0.29243767448790287,
      "away": 0.26480859299803017
    },
    "Turkey|United States": {
      "home": 0.3526176462499245,
      "draw": 0.2702149315583176,
      "away": 0.377167422191758
    },
    "Norway|France": {
      "home": 0.22132912636974594,
      "draw": 0.26237573596181946,
      "away": 0.5162951376684347
    },
    "Senegal|Iraq": {
      "home": 0.6665281570493169,
      "draw": 0.21017560696668164,
      "away": 0.1232962359840014
    },