{
  "model_class": "FootballNetEnsemble",
  "in_dim": 34,
  "hidden_configs": [
    128,
    96,
    128,
    160,
    96
  ],
  "n_blocks_configs": [
    4,
    3,
    5,
    4,
    4
  ],
  "dropout_configs": [
    0.2,
    0.15,
    0.25,
    0.2,
    0.3
  ],
  "feature_names": [
    "neutral",
    "tournament_w",
    "elo_a",
    "elo_b",
    "elo_diff",
    "elo_mom_a",
    "elo_mom_b",
    "form3_a",
    "form3_b",
    "form5_a",
    "form5_b",
    "form10_a",
    "form10_b",
    "gf5_a",
    "gf5_b",
    "ga5_a",
    "ga5_b",
    "gd5_a",
    "gd5_b",
    "home_form5_a",
    "away_form5_b",
    "h2h_a",
    "h2h_b",
    "rest_a",
    "rest_b",
    "win_streak_a",
    "win_streak_b",
    "unbeaten_a",
    "continent_a",
    "continent_b",
    "oppo_elo5_a",
    "oppo_elo5_b",
    "tour_form_a",
    "tour_form_b"
  ],
  "norm_stats": {
    "mean": [
      0.25953903794288635,
      27.219802856445312,
      1556.891845703125,
      1550.429931640625,
      65.69081115722656,
      0.09137776494026184,
      -0.011776607483625412,
      1.3992681503295898,
      1.3690946102142334,
      1.39474618434906,
      1.3671435117721558,
      1.39474618434906,
      1.3671435117721558,
      1.4893383979797363,
      1.4614232778549194,
      1.4682270288467407,
      1.5105937719345093,
      0.021113606169819832,
      -0.04918989539146423,
      1.6223523616790771,
      1.1268028020858765,
      0.411823034286499,
      0.40228718519210815,
      52.08341979980469,
      50.852413177490234,
      -0.11581306159496307,
      -0.2167947143316269,
      2.092637538909912,
      0.8437259793281555,
      0.7682031393051147,
      1554.30615234375,
      1552.346923828125,
      1.4024461507797241,
      1.3525493144989014
    ],
    "std": [
      0.4384012818336487,
      10.583959579467773,
      159.090576171875,
      157.6377410888672,
      178.60147094726562,
      15.129267692565918,
      15.386258125305176,
      0.8570189476013184,
      0.8550495505332947,
      0.5865970849990845,
      0.5902475714683533,
      0.5865970849990845,
      0.5902475714683533,
      0.7452414631843567,
      0.7392907738685608,
      0.9138275384902954,
      0.963893711566925,
      1.2925995588302612,
      1.338677167892456,
      0.6087478399276733,
      0.5778563618659973,
      0.299414724111557,
      0.29930993914604187,
      85.51300048828125,
      84.81520080566406,
      2.948085069656372,
      2.947247266769409,
      3.1045427322387695,
      1.3578084707260132,
      1.3137061595916748,
      92.03671264648438,
      92.55921173095703,
      0.6642897725105286,
      0.6678798794746399
    ]
  },
  "goal_stats": {
    "home_mean": 1.7653862237930298,
    "home_std": 1.7855039834976196,
    "away_mean": 1.1845283508300781,
    "away_std": 1.4069935083389282
  },
  "temperature": 0.9123992229362582,
  "train_start": "1985-01-01",
  "val_start": "2024-01-01",
  "half_life_days": 2400.0,
  "n_models": 7,
  "val_accs_single": [
    0.5576451349141456,
    0.5629599345870809,
    0.5568274734260016,
    0.5568274734260016,
    0.553965658217498
  ],
  "ensemble_val_acc": 0.5592804578904333,
  "ensemble_val_loss": 0.8963671922683716,
  "ensemble_brier": 0.5297021865844727,
  "calibrated_val_acc": 0.5592804578904333,
  "calibrated_val_loss": 0.8953116536140442,
  "per_class_acc": {
    "0": 0.3951473136915078,
    "1": 0.637618636755824,
    "2": 0.5647887323943662
  },
  "hg_mae": 1.0804225206375122,
  "ag_mae": 0.9052987694740295,
  "train_time_sec": 304.4888048171997,
  "device": "cuda"
}